{"cameraMode":{"drawMode":0,"name":"Shaded","section":"Shading Mode"},"sceneLighting":true,"audioPlay":false,"sceneViewState":{"showFog":true,"showMaterialUpdate":false,"showSkybox":true,"showFlares":true,"showImageEffects":true,"showParticleSystems":true},"in2DMode":false,"pivot":{"x":430.968017578125,"y":1316.5535888671875,"z":-5.795578479766846},"rotation":{"x":0.1517409086227417,"y":-0.029647912830114366,"z":0.004553443752229214,"w":0.9879667162895203},"size":768.0821533203125,"orthographic":false}